temperature_ID,humidity_ID,ph_ID,rainfall_ID,temperature_bins,humidity_bins,ph_bins,rainfall_bins,utility,l2_norm,KLDiv,gpt_semantics,Estimated,Explored
0,0,0,0,[ 0. 15. 20. 27. 35. 45.],[  0.  30.  50.  70.  85. 100.],[ 0.   5.5  6.5  7.5  8.5 10. ],[  0.  50. 100. 150. 200. 300.],0.5409090909090909,1.0,1.0,4.0,1,1
0,16,0,26,[ 0. 15. 20. 27. 35. 45.],[  0.    27.66  70.46  73.64 100.  ],[ 0.   5.5  6.5  7.5  8.5 10. ],[  0.    75.88 131.55 187.22 242.89 299.  ],0.634090909090909,0.9016654829337318,0.938694795605961,2.5,1,1
0,16,0,43,[ 0. 15. 20. 27. 35. 45.],[  0.    27.66  70.46  73.64 100.  ],[ 0.   5.5  6.5  7.5  8.5 10. ],[  0.    49.12  67.25  86.13 103.43 117.2  171.94 299.  ],0.6363636363636364,0.8027173151210574,0.8645895446984698,2.5,1,1
0,40,0,0,[ 0. 15. 20. 27. 35. 45.],[  0.    17.97  19.66  27.96  57.41  70.43  74.09 100.  ],[ 0.   5.5  6.5  7.5  8.5 10. ],[  0.  50. 100. 150. 200. 300.],0.6295454545454545,0.8934304009667913,0.999511110159049,3.25,1,1
