temperature_ID,humidity_ID,ph_ID,rainfall_ID,temperature_bins,humidity_bins,ph_bins,rainfall_bins,utility,l2_norm,KLDiv,gpt_semantics,Estimated,Explored
0,0,0,0,[ 0. 15. 20. 27. 35. 45.],[  0.  30.  50.  70.  85. 100.],[ 0.   5.5  6.5  7.5  8.5 10. ],[  0.  50. 100. 150. 200. 300.],0.5409090909090909,1.0,1.0,4.0,1,1
0,16,0,0,[ 0. 15. 20. 27. 35. 45.],[  0.    27.66  70.46  73.64 100.  ],[ 0.   5.5  6.5  7.5  8.5 10. ],[  0.  50. 100. 150. 200. 300.],0.6272727272727273,0.9221064765751216,0.9389223980319856,3.25,1,1
0,16,0,26,[ 0. 15. 20. 27. 35. 45.],[  0.    27.66  70.46  73.64 100.  ],[ 0.   5.5  6.5  7.5  8.5 10. ],[  0.    75.88 131.55 187.22 242.89 299.  ],0.634090909090909,0.9016654829337318,0.938694795605961,2.5,1,1
0,16,0,43,[ 0. 15. 20. 27. 35. 45.],[  0.    27.66  70.46  73.64 100.  ],[ 0.   5.5  6.5  7.5  8.5 10. ],[  0.    49.12  67.25  86.13 103.43 117.2  171.94 299.  ],0.6363636363636364,0.8027173151210574,0.8645895446984698,2.5,1,1
0,29,0,0,[ 0. 15. 20. 27. 35. 45.],[ 0.   54.3  70.89 82.95 90.96 99.98],[ 0.   5.5  6.5  7.5  8.5 10. ],[  0.  50. 100. 150. 200. 300.],0.6227272727272727,0.9735452719603496,0.9824061739776232,3.25,1,1
0,30,0,0,[ 0. 15. 20. 27. 35. 45.],[  0.    27.69  58.68  70.81  90.   100.  ],[ 0.   5.5  6.5  7.5  8.5 10. ],[  0.  50. 100. 150. 200. 300.],0.6181818181818182,0.9922226612916416,0.9933866873399138,3.25,1,1
0,30,0,26,[ 0. 15. 20. 27. 35. 45.],[  0.    27.69  58.68  70.81  90.   100.  ],[ 0.   5.5  6.5  7.5  8.5 10. ],[  0.    75.88 131.55 187.22 242.89 299.  ],0.625,0.971781667650252,0.9931590849138892,2.5,1,1
