educ_ID,educ_bins,utility,raw_utility,l2_norm,KLDiv,gpt_semantics,Estimated,Explored
0,[ 0. 11. 12. 15. 16.],0.1999999999999999,-0.1999999999999999,1.0,1.0,4.0,1,1
13,[ 3.    6.25  9.5  12.75 16.  ],1.0,1.0,0.8678573074752128,0.4538672724556455,1.0,1,1
15,[ 3.  9. 10. 11. 16.],0.7999999999999999,0.7999999999999999,0.8840694075955086,0.6937327293287912,1.0,1,1
