age_ID,educ_ID,age_bins,educ_bins,utility,l2_norm,KLDiv,gpt_semantics,Estimated,Explored
0,0,[  0.  18.  35.  50.  65. 100.],[ 0. 11. 12. 15. 16.],1.135736694433886e-59,1.0,1.0,4.0,1,1
0,93,[  0.  18.  35.  50.  65. 100.],[ 3.    7.    8.    9.   10.   10.68 11.   12.   16.  ],0.4125472186956661,0.7240018868439928,0.663274545523416,2.5,1,1
1,0,[17. 36. 55.],[ 0. 11. 12. 15. 16.],4.372538925126713e-54,0.6458936976459875,0.9515939146203514,3.0,1,1
43,93,[17.   21.22 25.44 29.67 33.89 38.11 42.33 46.56 50.78 55.  ],[ 3.    7.    8.    9.   10.   10.68 11.   12.   16.  ],0.9147637992580284,0.3965818974856763,0.3711012696147712,1.0,1,1
45,39,[17. 18. 19. 21. 23. 25. 27. 29. 34. 55.],[ 3.    4.36  6.64  8.    9.   10.   11.   12.   16.  ],0.4401057616217247,0.3940209609116812,0.2504360692997128,1.5,1,1
