educ_ID,educ_bins,utility,raw_utility,l2_norm,KLDiv,gpt_semantics,Estimated,Explored
0,[ 0. 11. 12. 15. 16.],0.1999999999999999,-0.1999999999999999,1.0,1.0,4.0,1,1
3,[ 3. 10. 16.],1.0,1.0,0.5455929456835267,0.8947179304573428,1.0,1,1
