age_ID,age_bins,utility,raw_utility,l2_norm,KLDiv,gpt_semantics,Estimated,Explored
0,[  0.  18.  35.  50.  65. 100.],0.7999999999999999,0.7999999999999999,1.0,1.0,4.0,1,1
15,[17. 20. 24. 28. 55.],1.0,1.0,0.4423416820993101,0.6383690441225849,1.0,1,1
30,[17.   18.7  23.65 27.43 31.84 37.62 55.  ],0.8285714285714287,0.8285714285714287,0.4970998891829069,0.4667234618926833,1.0,1,1
