educ_ID,educ_bins,utility,raw_utility,l2_norm,KLDiv,gpt_semantics,Estimated,Explored
0,[ 0. 11. 12. 15. 16.],0.1999999999999999,-0.1999999999999999,1.0,1.0,4.0,1,1
1,[ 3.   9.5 16. ],1.0,1.0,0.5450331240417463,0.7843620658559579,1.0,1,1
