Age_ID,Glucose_ID,BMI_ID,Age_bins,Glucose_bins,BMI_bins,utility,l2_norm,KLDiv,gpt_semantics,Estimated,Explored
19,0,0,[  0.  25.  50.  75. 100.],[  0. 140. 200.],[ 0.  18.5 25.  30.  68. ],0.0746527777777777,0.8685407488076567,0.9902403421816498,4.0,1,1
19,0,1,[  0.  25.  50.  75. 100.],[  0. 140. 200.],[ 0. 34. 68.],0.1002604166666666,0.7168049661669921,0.9680983326299586,3.333333333333333,1,1
19,0,16,[  0.  25.  50.  75. 100.],[  0. 140. 200.],[ 0.   29.85 40.85 67.1 ],0.1028645833333333,0.7296322594100392,0.8965657547804842,3.0,1,1
31,0,1,[ 0. 24. 30. 42. 54. 60.],[  0. 140. 200.],[ 0. 34. 68.],0.109375,0.7983015498780225,0.8670857933496018,2.6666666666666665,1,1
163,0,1,[ 0.  21.5 22.5 29.5 46.5 60. ],[  0. 140. 200.],[ 0. 34. 68.],0.12109375,0.7910209863721703,0.8955859839690761,2.333333333333333,1,1
163,0,2,[ 0.  21.5 22.5 29.5 46.5 60. ],[  0. 140. 200.],[ 0.   33.55 67.1 ],0.1215277777777777,0.7919239080425576,0.9072636923842446,2.0,1,1
