Age_ID,Glucose_ID,BMI_ID,Age_bins,Glucose_bins,BMI_bins,utility,l2_norm,KLDiv,gpt_semantics,Estimated,Explored
0,0,0,[  0.  18.  35.  45.  65. 100.],[  0. 140. 200.],[ 0.  18.5 25.  30.  68. ],0.0442708333333333,1.0,1.0,4.0,1,1
0,0,3,[  0.  18.  35.  45.  65. 100.],[  0. 140. 200.],[ 0.  32.3 67.1],0.0785590277777777,0.8495290962124988,0.9976276987486852,3.0,1,1
11,0,0,[ 0. 34. 47. 60.],[  0. 140. 200.],[ 0.  18.5 25.  30.  68. ],0.0859374999999999,0.8561330452340911,0.9918193434485448,3.0,1,1
11,0,2,[ 0. 34. 47. 60.],[  0. 140. 200.],[ 0.   33.55 67.1 ],0.1102430555555555,0.7053001842638137,0.981355042312022,2.0,1,1
11,0,3,[ 0. 34. 47. 60.],[  0. 140. 200.],[ 0.  32.3 67.1],0.1080729166666666,0.7056621414465901,0.98944704219723,2.0,1,1
163,0,2,[ 0.  21.5 22.5 29.5 46.5 60. ],[  0. 140. 200.],[ 0.   33.55 67.1 ],0.1215277777777777,0.7919239080425576,0.9072636923842446,2.0,1,1
163,0,3,[ 0.  21.5 22.5 29.5 46.5 60. ],[  0. 140. 200.],[ 0.  32.3 67.1],0.1171875,0.7922858652253341,0.9153556922694528,2.0,1,1
