Age_ID,Age_bins,utility,raw_utility,l2_norm,KLDiv,gpt_semantics,Estimated,Explored
0,[  0.  18.  35.  45.  65. 100.],0.1999999999999999,0.1999999999999999,1.0,1.0,4.0,1,1
27,[ 0.  21.5 30.  38.5 48.  60. ],1.0,1.0,0.8428599856603205,0.7053860176450026,1.0,1,1
28,[  0.  20.  40.  60.  80. 100.],0.7999999999999999,-0.7999999999999999,0.9224848064837878,0.8629233310575791,3.0,1,1
