Age_ID,Age_bins,utility,raw_utility,l2_norm,KLDiv,gpt_semantics,Estimated,Explored
0,[  0.  18.  35.  45.  65. 100.],0.1999999999999999,0.1999999999999999,1.0,1.0,4.0,1,1
11,[ 0. 34. 47. 60.],1.0,1.0,0.5683991357022733,0.9754580303456344,1.0,1,1
