BMI_ID,Glucose_ID,Age_ID,BMI_bins,Glucose_bins,Age_bins,utility,l2_norm,KLDiv,gpt_semantics,Estimated,Explored
0,0,19,[ 0.  18.5 25.  30.  68. ],[  0. 140. 200.],[  0.  25.  50.  75. 100.],0.1016644174538911,0.8685407488076567,0.9902403421816498,4.0,1,1
1,0,1,[ 0. 34. 68.],[  0. 140. 200.],[  0.  50. 100.],0.2028789923526766,0.6751602769244656,0.898793326307247,2.6666666666666665,1,1
1,0,19,[ 0. 34. 68.],[  0. 140. 200.],[  0.  25.  50.  75. 100.],0.1623931623931624,0.7168049661669921,0.9680983326299586,3.333333333333333,1,1
1,4,1,[ 0. 34. 68.],[  0. 157. 199.],[  0.  50. 100.],0.2096266306792622,0.666661934510317,0.8875709408586262,1.6666666666666667,1,1
