Age_ID,Glucose_ID,BMI_ID,Age_bins,Glucose_bins,BMI_bins,utility,l2_norm,KLDiv,gpt_semantics,Estimated,Explored
0,0,0,[  0.  18.  35.  45.  65. 100.],[  0. 140. 200.],[ 0.  18.5 25.  30.  68. ],0.7019867549668874,1.0,1.0,4.0,1,1
0,0,61,[  0.  18.  35.  45.  65. 100.],[  0. 140. 200.],[ 0.   26.35 29.85 40.05 40.85 44.15 45.35 48.1  67.1 ],0.8013245033112583,0.8115344528168377,0.7864729875415374,3.0,1,1
0,19,0,[  0.  18.  35.  45.  65. 100.],[  0.  50. 100. 150. 200.],[ 0.  18.5 25.  30.  68. ],0.7152317880794702,0.8583218923133745,0.8086264002905755,3.6666666666666665,1,1
0,19,44,[  0.  18.  35.  45.  65. 100.],[  0.  50. 100. 150. 200.],[ 0.   23.57 29.08 34.12 40.1  48.51],0.8378378378378378,0.7600851391944942,0.757152301555252,2.6666666666666665,1,1
12,0,0,[ 0. 25. 35. 60.],[  0. 140. 200.],[ 0.  18.5 25.  30.  68. ],0.7945205479452054,0.8578434584900932,0.9488826696654384,3.333333333333333,1,1
44,65,71,[ 0.   22.31 26.8  32.09 39.08 46.41 55.67],[  0.    22.11  44.22  66.33  88.44 110.56 132.67 154.78 176.89 199.  ],[ 0.   21.04 24.9  28.86 32.33 35.38 39.07 44.3  54.01],0.8642857142857143,0.5287626365613017,0.5426179328504797,1.0,1,1
73,19,44,[  0.  10.  20.  30.  40.  50.  60.  70.  80.  90. 100.],[  0.  50. 100. 150. 200.],[ 0.   23.57 29.08 34.12 40.1  48.51],0.8581081081081081,0.5341053339258213,0.690476746672687,2.333333333333333,1,1
