song_duration_ms_ID,song_duration_ms_bins,utility,raw_utility,l2_norm,KLDiv,gpt_semantics,Estimated,Explored
0,[      0.   90000.  180000.  300000.  600000. 1800000.],0.3,-0.3,1.0,1.0,4.0,1,1
3,[      0.  211306. 1799346.],1.0,1.0,0.4944456492429192,0.9101247755547742,1.0,1,1
11,[      0.  194000.  230373. 1799346.],0.5,0.5,0.5134029967882047,0.9630470368241718,1.0,1,1
22,[      0.   114349.   172926.5  328333.  1799346. ],0.3999999999999999,0.3999999999999999,0.565203292038845,0.9819372590564328,1.0,1,1
