loudness_ID,loudness_bins,utility,raw_utility,l2_norm,KLDiv,gpt_semantics,Estimated,Explored
0,[-60. -20. -10.  -5.   0.  10.],0.0999999999999999,-0.0999999999999999,1.0,1.0,4.0,1,1
1,[-60. -25.  10.],1.0,-1.0,0.705928601490414,0.5738461824206875,1.0,1,1
