song_duration_ms_ID,song_duration_ms_bins,utility,raw_utility,l2_norm,KLDiv,gpt_semantics,Estimated,Explored
0,[      0.   90000.  180000.  300000.  600000. 1800000.],0.3,-0.3,1.0,1.0,4.0,1,1
16,[      0.     93021.5   151284.67  177706.5  1799346.  ],1.0,1.0,0.5645374799836027,0.8772507127853966,1.0,1,1
24,[      0.    91733.   155051.5  176025.   313793.  1799346. ],0.3999999999999999,0.3999999999999999,0.937109823740448,0.9763034697881712,1.0,1,1
33,[      0.  300000.  600000.  900000. 1200000. 1500000. 1800000.],0.4285714285714286,-0.4285714285714286,0.5846555473952869,0.8721624095221016,1.0,1,1
