loudness_ID,loudness_bins,utility,raw_utility,l2_norm,KLDiv,gpt_semantics,Estimated,Explored
0,[-60. -20. -10.  -5.   0.  10.],0.0999999999999999,-0.0999999999999999,1.0,1.0,4.0,1,1
8,[-60.   -10.64  -8.01   2.  ],1.0,1.0,0.8055384835456332,0.9734365679845712,1.0,1,1
23,[-60.   -22.22 -12.53  -7.92   2.  ],0.3999999999999999,0.3999999999999999,0.8604362916159312,0.9789153523545284,1.0,1,1
