song_duration_ms_ID,danceability_ID,loudness_ID,tempo_ID,song_duration_ms_bins,danceability_bins,loudness_bins,tempo_bins,utility,l2_norm,KLDiv,gpt_semantics,Estimated,Explored
0,0,0,0,[      0.   90000.  180000.  300000.  600000. 1800000.],[0.  0.3 0.5 0.7 0.9 1. ],[-60. -20. -10.  -5.   0.  10.],[  0.  60.  90. 120. 150. 250.],0.2795327847093177,1.0,1.0,4.0,1,1
0,0,0,1,[      0.   90000.  180000.  300000.  600000. 1800000.],[0.  0.3 0.5 0.7 0.9 1. ],[-60. -20. -10.  -5.   0.  10.],[  0. 125. 250.],0.2800637111760021,0.9608411855941577,0.9527724846727508,3.5,1,1
0,0,29,0,[      0.   90000.  180000.  300000.  600000. 1800000.],[0.  0.3 0.5 0.7 0.9 1. ],[-60.    -9.78  -7.4   -5.89  -4.58   1.58],[  0.  60.  90. 120. 150. 250.],0.2885585346429519,0.9552660954202906,0.9590495008715172,3.25,1,1
0,9,39,0,[      0.   90000.  180000.  300000.  600000. 1800000.],[0.   0.33 0.67 1.  ],[-60.   -24.45 -15.53 -11.37  -8.34  -5.95   2.  ],[  0.  60.  90. 120. 150. 250.],0.2917440934430581,0.8387457198517985,0.8705403351264172,2.75,1,1
0,22,39,0,[      0.   90000.  180000.  300000.  600000. 1800000.],[0.   0.2  0.49 0.73 1.  ],[-60.   -24.45 -15.53 -11.37  -8.34  -5.95   2.  ],[  0.  60.  90. 120. 150. 250.],0.2941332625431377,0.8652368269826576,0.923572644222974,2.5,1,1
0,22,39,1,[      0.   90000.  180000.  300000.  600000. 1800000.],[0.   0.2  0.49 0.73 1.  ],[-60.   -24.45 -15.53 -11.37  -8.34  -5.95   2.  ],[  0. 125. 250.],0.2946641890098221,0.8260780125768152,0.876345128895725,2.0,1,1
0,22,39,27,[      0.   90000.  180000.  300000.  600000. 1800000.],[0.   0.2  0.49 0.73 1.  ],[-60.   -24.45 -15.53 -11.37  -8.34  -5.95   2.  ],[  0.    95.01 111.05 126.06 144.94 243.  ],0.2978497478099283,0.8606407631985711,0.9088921102382774,1.75,1,1
67,22,39,27,"[      0.   159242.   177337.   190348.   200796.6  211306.   221511.6
  234954.2  253165.   282742.4 1799346. ]",[0.   0.2  0.49 0.73 1.  ],[-60.   -24.45 -15.53 -11.37  -8.34  -5.95   2.  ],[  0.    95.01 111.05 126.06 144.94 243.  ],0.2997079904433236,0.7356674830967335,0.8055418879989373,1.0,1,1
