song_duration_ms_ID,song_duration_ms_bins,utility,raw_utility,l2_norm,KLDiv,gpt_semantics,Estimated,Explored
0,[      0.   90000.  180000.  300000.  600000. 1800000.],0.3,-0.3,1.0,1.0,4.0,1,1
1,[      0.  900000. 1800000.],1.0,-1.0,0.4693587381744901,0.7145674287243811,1.0,1,1
