loudness_ID,loudness_bins,utility,raw_utility,l2_norm,KLDiv,gpt_semantics,Estimated,Explored
0,[-60. -20. -10.  -5.   0.  10.],0.0999999999999999,-0.0999999999999999,1.0,1.0,4.0,1,1
21,[-60.    -9.04  -6.56  -4.91   1.58],1.0,1.0,0.8080132628729151,0.9229142857621802,1.0,1,1
27,[-60.    -9.78  -7.4   -5.89  -4.58   2.  ],0.8999999999999998,0.8999999999999998,0.8240828293105069,0.8362324361729652,1.0,1,1
30,[-60.   -18.91  -8.3   -6.48   2.  ],0.7999999999999999,0.7999999999999999,0.862079468920187,0.9627990045305536,1.0,1,1
