Fare_ID,Fare_bins,utility,raw_utility,l2_norm,KLDiv,gpt_semantics,Estimated,Explored
0,[  0.  10.  20.  30.  40.  50. 100. 600.],0.6785714285714287,0.6785714285714287,1.0,1.0,4.0,1,1
45,[  0.     2.01  10.82  15.46  25.07  37.5   59.45 513.  ],0.9642857142857144,0.9642857142857144,0.9385729789660844,0.7520849031055143,1.0,1,1
50,[  0.    73.19 146.38 219.57 292.76 365.95 439.14 512.33],1.0,1.0,0.6397396755983269,0.9407172874566712,1.0,1,1
