Fare_ID,Fare_bins,utility,raw_utility,l2_norm,KLDiv,gpt_semantics,Estimated,Explored
0,[  0.  10.  20.  30.  40.  50. 100. 600.],0.6785714285714287,0.6785714285714287,1.0,1.0,4.0,1,1
47,[  0.    73.19 146.38 219.57 292.76 513.  ],1.0,1.0,0.4832994641076233,0.9407172874566712,1.0,1,1
72,"[  0.     2.01   8.42  12.29  15.68  22.2   29.99  38.9   56.66  79.6
 513.  ]",0.9151515151515152,0.9151515151515152,0.5253036023546231,0.9895642768348656,1.0,1,1
