Age_ID,Fare_ID,SibSp_ID,Age_bins,Fare_bins,SibSp_bins,utility,l2_norm,KLDiv,gpt_semantics,Estimated,Explored
1,0,1,[  0.  50. 100.],[  0.  10.  20.  30.  40.  50. 100. 600.],[ 0.  5. 10.],0.3440709617180205,0.6174903621735118,0.7090929769306739,3.0,1,1
1,2,1,[  0.  50. 100.],[  0.   256.17 513.  ],[ 0.  5. 10.],0.3711484593837535,0.4484056960532248,0.5945792885776064,2.0,1,1
1,28,1,[  0.  50. 100.],[  0. 120. 240. 360. 480. 600.],[ 0.  5. 10.],0.3697478991596639,0.4086292613137698,0.66934740533415,2.333333333333333,1,1
19,0,0,[  0.  25.  50.  75. 100.],[  0.  10.  20.  30.  40.  50. 100. 600.],[0. 1. 2. 3. 4. 5. 6. 7. 8.],0.1797385620915032,0.8702709261924535,0.9412108918589942,4.0,1,1
19,0,1,[  0.  25.  50.  75. 100.],[  0.  10.  20.  30.  40.  50. 100. 600.],[ 0.  5. 10.],0.2978524743230625,0.6624114185607554,0.8334435206485787,3.6666666666666665,1,1
