Fare_ID,Fare_bins,utility,raw_utility,l2_norm,KLDiv,gpt_semantics,Estimated,Explored
0,[  0.  10.  20.  30.  40.  50. 100. 600.],0.6785714285714287,0.6785714285714287,1.0,1.0,4.0,1,1
1,[  0. 300. 600.],1.0,1.0,0.4508084356004883,0.1475924551281823,1.0,1,1
37,[  0. 100. 200. 300. 400. 500. 600.],0.948683298050514,0.948683298050514,0.3673946147401876,0.7981223077908379,2.0,1,1
